Simulation Examples.Functions.Ramp1,System.Long
Simulation Examples.Functions.Ramp2,System.Double
Simulation Examples.Functions.Ramp3,System.Long
Simulation Examples.Functions.Ramp4,System.Long
Simulation Examples.Functions.Random1,System.Long
Simulation Examples.Functions.Random2,System.Long
Simulation Examples.Functions.Random3,System.Long
Simulation Examples.Functions.Random4,System.Long
Simulation Examples.Functions.Sine1,System.Double
Simulation Examples.Functions.Sine2,System.Double
Simulation Examples.Functions.Sine3,System.Double
Simulation Examples.Functions.Sine4,System.Double